U:x,Points: x,Points: y,u_t,U+,y+ 
0.0061417,1.99,2.72E-06,1.84E-01,0.0334,0.033375467
0.0063033,1.75,2.72E-06,1.86E-01,0.0338,0.033811593
0.0064883,1.5,2.72E-06,1.89E-01,0.0343,0.034304244
0.0067055,1.99,2.72E-06,1.92E-01,0.0349,0.034873514
0.0068804,1.75,2.72E-06,1.95E-01,0.0353,0.035325425
0.007081,1.5,2.72E-06,1.98E-01,0.0358,0.035836705
0.0072914,1.99,2.72E-06,2.01E-01,0.0364,0.036365298
0.0074801,1.75,2.72E-06,2.03E-01,0.0368,0.036832835
0.0076968,1.5,2.72E-06,2.06E-01,0.0374,0.037362573
0.007899,1.99,2.72E-06,2.09E-01,0.0378,0.03785005
0.0081019,1.75,2.72E-06,2.11E-01,0.0383,0.038333169
0.0083353,1.5,2.72E-06,2.14E-01,0.0389,0.038881316
0.0085287,1.99,2.72E-06,2.17E-01,0.0393,0.039329789
0.0087462,1.75,2.72E-06,2.20E-01,0.0398,0.039828291
0.0089967,1.5,2.72E-06,2.23E-01,0.0404,0.040394636
0.0091801,1.99,2.72E-06,2.25E-01,0.0408,0.040804143
0.0094127,1.75,2.72E-06,2.28E-01,0.0413,0.041317907
0.0096808,1.5,2.72E-06,2.31E-01,0.0419,0.04190229
0.019392,1.99,8.59E-06,1.84E-01,0.1054,0.105379617
0.019902,1.75,8.59E-06,1.86E-01,0.1068,0.106756639
0.020486,1.5,8.59E-06,1.89E-01,0.1083,0.108312136
0.021172,1.99,8.59E-06,1.92E-01,0.1101,0.110109548
0.021724,1.75,8.59E-06,1.95E-01,0.1115,0.111536409
0.022357,1.5,8.59E-06,1.98E-01,0.1131,0.113150724
0.023022,1.99,8.59E-06,2.01E-01,0.1148,0.114819701
0.023618,1.75,8.59E-06,2.03E-01,0.1163,0.116295902
0.024302,1.5,8.59E-06,2.06E-01,0.118,0.117968495
0.024941,1.99,8.59E-06,2.09E-01,0.1195,0.119507655
0.025581,1.75,8.59E-06,2.11E-01,0.121,0.121033053
0.026318,1.5,8.59E-06,2.14E-01,0.1228,0.122763773
0.026929,1.99,8.59E-06,2.17E-01,0.1242,0.124179779
0.027615,1.75,8.59E-06,2.20E-01,0.1258,0.125753746
0.028406,1.5,8.59E-06,2.23E-01,0.1275,0.127541925
0.028986,1.99,8.59E-06,2.25E-01,0.1288,0.1288349
0.029719,1.75,8.59E-06,2.28E-01,0.1305,0.130457058
0.030566,1.5,8.59E-06,2.31E-01,0.1323,0.132302189
0.034729,1.99,1.54E-05,1.84E-01,0.1887,0.188720753
0.035641,1.75,1.54E-05,1.86E-01,0.1912,0.191186814
0.036687,1.5,1.54E-05,1.89E-01,0.194,0.1939725
0.037916,1.99,1.54E-05,1.92E-01,0.1972,0.197191424
0.038904,1.75,1.54E-05,1.95E-01,0.1997,0.199746741
0.040038,1.5,1.54E-05,1.98E-01,0.2026,0.202637763
0.041229,1.99,1.54E-05,2.01E-01,0.2056,0.205626676
0.042295,1.75,1.54E-05,2.03E-01,0.2083,0.208270354
0.04352,1.5,1.54E-05,2.06E-01,0.2113,0.211265744
0.044665,1.99,1.54E-05,2.09E-01,0.214,0.214022173
0.045811,1.75,1.54E-05,2.11E-01,0.2167,0.216753957
0.04713,1.5,1.54E-05,2.14E-01,0.2198,0.219853443
0.048226,1.99,1.54E-05,2.17E-01,0.2224,0.22238932
0.049454,1.75,1.54E-05,2.20E-01,0.2252,0.225208084
0.050871,1.5,1.54E-05,2.23E-01,0.2284,0.228410471
0.051909,1.99,1.54E-05,2.25E-01,0.2307,0.230726016
0.053223,1.75,1.54E-05,2.28E-01,0.2336,0.233631083
0.054739,1.5,1.54E-05,2.31E-01,0.2369,0.236935465
0.052479,1.99,2.32E-05,1.84E-01,0.2852,0.285172846
0.053857,1.75,2.32E-05,1.86E-01,0.2889,0.288899272
0.055438,1.5,2.32E-05,1.89E-01,0.2931,0.293108677
0.057296,1.99,2.32E-05,1.92E-01,0.298,0.297972739
0.058788,1.75,2.32E-05,1.95E-01,0.3018,0.301834036
0.060502,1.5,2.32E-05,1.98E-01,0.3062,0.306202613
0.062303,1.99,2.32E-05,2.01E-01,0.3107,0.310719111
0.063912,1.75,2.32E-05,2.03E-01,0.3147,0.31471393
0.065764,1.5,2.32E-05,2.06E-01,0.3192,0.319240214
0.067494,1.99,2.32E-05,2.09E-01,0.3234,0.323405409
0.069225,1.75,2.32E-05,2.11E-01,0.3275,0.327533363
0.071219,1.5,2.32E-05,2.14E-01,0.3322,0.332216946
0.072875,1.99,2.32E-05,2.17E-01,0.3361,0.336048868
0.07473,1.75,2.32E-05,2.20E-01,0.3403,0.340308257
0.076871,1.5,2.32E-05,2.23E-01,0.3451,0.345147332
0.078441,1.99,2.32E-05,2.25E-01,0.3487,0.348646314
0.080425,1.75,2.32E-05,2.28E-01,0.353,0.353036113
0.082716,1.5,2.32E-05,2.31E-01,0.358,0.358029311
0.073024,1.99,3.23E-05,1.84E-01,0.3968,0.396825162
0.07494,1.75,3.23E-05,1.86E-01,0.402,0.402010576
0.07714,1.5,3.23E-05,1.89E-01,0.4078,0.407868068
0.079727,1.99,3.23E-05,1.92E-01,0.4146,0.414636533
0.081801,1.75,3.23E-05,1.95E-01,0.42,0.420009625
0.084186,1.5,3.23E-05,1.98E-01,0.4261,0.426088609
0.086694,1.99,3.23E-05,2.01E-01,0.4324,0.432373429
0.088931,1.75,3.23E-05,2.03E-01,0.4379,0.43793232
0.091507,1.5,3.23E-05,2.06E-01,0.4442,0.444230758
0.093918,1.99,3.23E-05,2.09E-01,0.45,0.450026731
0.096323,1.75,3.23E-05,2.11E-01,0.4557,0.455770882
0.099098,1.5,3.23E-05,2.14E-01,0.4623,0.462288205
0.1014,1.99,3.23E-05,2.17E-01,0.4676,0.467620421
0.10398,1.75,3.23E-05,2.20E-01,0.4735,0.473547467
0.10696,1.5,3.23E-05,2.23E-01,0.4802,0.480281162
0.10915,1.99,3.23E-05,2.25E-01,0.4852,0.485150083
0.11191,1.75,3.23E-05,2.28E-01,0.4912,0.491258599
0.1151,1.5,3.23E-05,2.31E-01,0.4982,0.498206758
0.096804,1.99,4.29E-05,1.84E-01,0.526,0.526033181
0.099341,1.75,4.29E-05,1.86E-01,0.5329,0.53290699
0.10226,1.5,4.29E-05,1.89E-01,0.5406,0.540671707
0.10569,1.99,4.29E-05,1.92E-01,0.5497,0.549644014
0.10844,1.75,4.29E-05,1.95E-01,0.5567,0.556766609
0.1116,1.5,4.29E-05,1.98E-01,0.5648,0.564824936
0.11492,1.99,4.29E-05,2.01E-01,0.5731,0.573156121
0.11789,1.75,4.29E-05,2.03E-01,0.5805,0.580525012
0.1213,1.5,4.29E-05,2.06E-01,0.5888,0.588874248
0.1245,1.99,4.29E-05,2.09E-01,0.5966,0.596557416
0.12769,1.75,4.29E-05,2.11E-01,0.6041,0.604171888
0.13136,1.5,4.29E-05,2.14E-01,0.6127,0.61281128
0.13443,1.99,4.29E-05,2.17E-01,0.6199,0.619879689
0.13784,1.75,4.29E-05,2.20E-01,0.6277,0.627736607
0.14179,1.5,4.29E-05,2.23E-01,0.6366,0.636662822
0.14469,1.99,4.29E-05,2.25E-01,0.6431,0.643117085
0.14835,1.75,4.29E-05,2.28E-01,0.6512,0.651214561
0.15257,1.5,4.29E-05,2.31E-01,0.6604,0.660425072
0.12433,1.99,5.51E-05,1.84E-01,0.6756,0.67559404
0.12758,1.75,5.51E-05,1.86E-01,0.6843,0.684422198
0.13133,1.5,5.51E-05,1.89E-01,0.6943,0.694394567
0.13574,1.99,5.51E-05,1.92E-01,0.7059,0.705917864
0.13926,1.75,5.51E-05,1.95E-01,0.715,0.715065543
0.14332,1.5,5.51E-05,1.98E-01,0.7253,0.725415
0.1476,1.99,5.51E-05,2.01E-01,0.7361,0.736114894
0.1514,1.75,5.51E-05,2.03E-01,0.7455,0.745578895
0.15579,1.5,5.51E-05,2.06E-01,0.7562,0.756301973
0.1599,1.99,5.51E-05,2.09E-01,0.7662,0.766169605
0.16399,1.75,5.51E-05,2.11E-01,0.7759,0.775949011
0.16871,1.5,5.51E-05,2.14E-01,0.787,0.78704474
0.17265,1.99,5.51E-05,2.17E-01,0.7962,0.796122827
0.17703,1.75,5.51E-05,2.20E-01,0.8061,0.806213612
0.1821,1.5,5.51E-05,2.23E-01,0.8176,0.817677713
0.18583,1.99,5.51E-05,2.25E-01,0.826,0.825967041
0.19052,1.75,5.51E-05,2.28E-01,0.8363,0.836366777
0.19594,1.5,5.51E-05,2.31E-01,0.8481,0.848196005
0.15618,1.99,6.92E-05,1.84E-01,0.8487,0.848709723
0.16026,1.75,6.92E-05,1.86E-01,0.8596,0.859800027
0.16497,1.5,6.92E-05,1.89E-01,0.8722,0.872327737
0.17052,1.99,6.92E-05,1.92E-01,0.8868,0.886803789
0.17494,1.75,6.92E-05,1.95E-01,0.8982,0.898295489
0.18004,1.5,6.92E-05,1.98E-01,0.9112,0.911296913
0.18542,1.99,6.92E-05,2.01E-01,0.9248,0.924738571
0.19018,1.75,6.92E-05,2.03E-01,0.9365,0.936627648
0.1957,1.5,6.92E-05,2.06E-01,0.95,0.95009843
0.20087,1.99,6.92E-05,2.09E-01,0.9625,0.962494567
0.20599,1.75,6.92E-05,2.11E-01,0.9746,0.974779868
0.21193,1.5,6.92E-05,2.14E-01,0.9886,0.988718791
0.21688,1.99,6.92E-05,2.17E-01,1.0001,1.000123067
0.22238,1.75,6.92E-05,2.20E-01,1.0127,1.012799536
0.22875,1.5,6.92E-05,2.23E-01,1.0271,1.027201223
0.23345,1.99,6.92E-05,2.25E-01,1.0376,1.037614627
0.19305,1.99,8.55E-05,1.84E-01,1.0491,1.049060669
0.23932,1.75,6.92E-05,2.28E-01,1.0505,1.050679214
0.19809,1.75,8.55E-05,1.86E-01,1.0626,1.062769009
0.24614,1.5,6.92E-05,2.31E-01,1.0654,1.065539589
0.20391,1.5,8.55E-05,1.89E-01,1.0781,1.078254078
0.21077,1.99,8.55E-05,1.92E-01,1.0962,1.096147424
0.21623,1.75,8.55E-05,1.95E-01,1.1102,1.110351916
0.22253,1.5,8.55E-05,1.98E-01,1.1262,1.126422526
0.22919,1.99,8.55E-05,2.01E-01,1.1431,1.143037293
0.23507,1.75,8.55E-05,2.03E-01,1.1575,1.15773297
0.24188,1.5,8.55E-05,2.06E-01,1.1741,1.174383736
0.24829,1.99,8.55E-05,2.09E-01,1.1897,1.189706171
0.25461,1.75,8.55E-05,2.11E-01,1.2046,1.204891606
0.26195,1.5,8.55E-05,2.14E-01,1.2219,1.222121026
0.26808,1.99,8.55E-05,2.17E-01,1.2362,1.236217455
0.27486,1.75,8.55E-05,2.20E-01,1.2516,1.2518864
0.28274,1.5,8.55E-05,2.23E-01,1.2695,1.269687826
0.23572,1.99,0.00010441,1.84E-01,1.2809,1.280916192
0.28855,1.99,8.55E-05,2.25E-01,1.2825,1.282559473
0.24187,1.75,0.00010441,1.86E-01,1.2974,1.297654247
0.29581,1.75,8.55E-05,2.28E-01,1.2985,1.298708156
0.24897,1.5,0.00010441,1.89E-01,1.3163,1.316561709
0.30424,1.5,8.55E-05,2.31E-01,1.3168,1.317076551
0.25736,1.99,0.00010441,1.92E-01,1.3385,1.338409708
0.26401,1.75,0.00010441,1.95E-01,1.3555,1.355753571
0.27171,1.5,0.00010441,1.98E-01,1.3751,1.375375986
0.27984,1.99,0.00010441,2.01E-01,1.3957,1.395662824
0.28702,1.75,0.00010441,2.03E-01,1.4133,1.413606429
0.29534,1.5,0.00010441,2.06E-01,1.4336,1.433937223
0.30316,1.99,0.00010441,2.09E-01,1.4527,1.452646107
0.31088,1.75,0.00010441,2.11E-01,1.4709,1.471187714
0.31983,1.5,0.00010441,2.14E-01,1.4919,1.49222505
0.32733,1.99,0.00010441,2.17E-01,1.5095,1.509436967
0.3356,1.75,0.00010441,2.20E-01,1.5282,1.528568944
0.28511,1.99,0.00012629,1.84E-01,1.5493,1.549343031
0.34521,1.5,0.00010441,2.23E-01,1.5499,1.550304708
0.35233,1.99,0.00010441,2.25E-01,1.566,1.56602115
0.29252,1.75,0.00012629,1.86E-01,1.5691,1.569588687
0.36117,1.75,0.00010441,2.28E-01,1.5854,1.585738894
0.30111,1.5,0.00012629,1.89E-01,1.592,1.592458368
0.37146,1.5,0.00010441,2.31E-01,1.6078,1.608166934
0.31127,1.99,0.00012629,1.92E-01,1.6188,1.6188848
0.3193,1.75,0.00012629,1.95E-01,1.6393,1.639863216
0.32861,1.5,0.00012629,1.98E-01,1.6631,1.663597676
0.33847,1.99,0.00012629,2.01E-01,1.6881,1.688135792
0.34713,1.75,0.00012629,2.03E-01,1.7093,1.709839632
0.35719,1.5,0.00012629,2.06E-01,1.7339,1.734430916
0.36667,1.99,0.00012629,2.09E-01,1.757,1.757060405
0.37598,1.75,0.00012629,2.11E-01,1.7789,1.779487563
0.38681,1.5,0.00012629,2.14E-01,1.8043,1.804933451
0.3959,1.99,0.00012629,2.17E-01,1.8257,1.825752271
0.40588,1.75,0.00012629,2.20E-01,1.8483,1.848893516
0.34225,1.99,0.00015161,1.84E-01,1.8598,1.859972261
0.4175,1.5,0.00012629,2.23E-01,1.8745,1.875184193
0.35113,1.75,0.00015161,1.86E-01,1.8835,1.884276988
0.42613,1.99,0.00012629,2.25E-01,1.8941,1.894194149
0.36144,1.5,0.00015161,1.89E-01,1.9109,1.911731832
0.4368,1.75,0.00012629,2.28E-01,1.9174,1.918043913
0.37366,1.99,0.00015161,1.92E-01,1.9433,1.943456525
0.44924,1.5,0.00012629,2.31E-01,1.9445,1.945171939
0.38327,1.75,0.00015161,1.95E-01,1.9678,1.968640924
0.39445,1.5,0.00015161,1.98E-01,1.9963,1.997133927
0.40629,1.99,0.00015161,2.01E-01,2.0263,2.026591713
0.41666,1.75,0.00015161,2.03E-01,2.0517,2.052646976
0.42874,1.5,0.00015161,2.06E-01,2.0812,2.08216859
0.44014,1.99,0.00015161,2.09E-01,2.109,2.109335086
0.45128,1.75,0.00015161,2.11E-01,2.1352,2.136258685
0.46428,1.5,0.00015161,2.14E-01,2.1657,2.166806244
0.47521,1.99,0.00015161,2.17E-01,2.1914,2.191799048
0.40835,1.99,0.00018092,1.84E-01,2.219,2.219551359
0.48715,1.75,0.00015161,2.20E-01,2.2183,2.219579903
0.41891,1.75,0.00018092,1.86E-01,2.247,2.248554796
0.5011,1.5,0.00015161,2.23E-01,2.2499,2.251141623
0.51148,1.99,0.00015161,2.25E-01,2.2734,2.273962902
0.43121,1.5,0.00018092,1.89E-01,2.2798,2.281317348
0.52425,1.75,0.00015161,2.28E-01,2.3012,2.302594328
0.4458,1.99,0.00018092,1.92E-01,2.3185,2.319175216
0.53918,1.5,0.00015161,2.31E-01,2.3337,2.335161276
0.45723,1.75,0.00018092,1.95E-01,2.3475,2.349228388
0.47056,1.5,0.00018092,1.98E-01,2.3815,2.3832298
0.48472,1.99,0.00018092,2.01E-01,2.4175,2.418382512
0.49705,1.75,0.00018092,2.03E-01,2.4475,2.449474908
0.51144,1.5,0.00018092,2.06E-01,2.4826,2.484703788
0.52506,1.99,0.00018092,2.09E-01,2.5159,2.517122246
0.53831,1.75,0.00018092,2.11E-01,2.5469,2.54925085
0.55381,1.5,0.00018092,2.14E-01,2.5833,2.585704014
0.56686,1.99,0.00018092,2.17E-01,2.614,2.615528552
0.48472,1.99,0.00021484,1.84E-01,2.634,2.635686568
0.58106,1.75,0.00018092,2.20E-01,2.646,2.64868014
0.49722,1.75,0.00021484,1.86E-01,2.6671,2.67012775
0.59768,1.5,0.00018092,2.23E-01,2.6835,2.686343529
0.5118,1.5,0.00021484,1.89E-01,2.7059,2.709032827
0.61008,1.99,0.00018092,2.25E-01,2.7117,2.713576731
0.62525,1.75,0.00018092,2.28E-01,2.7446,2.747743327
0.52913,1.99,0.00021484,1.92E-01,2.7518,2.753988522
0.64303,1.5,0.00018092,2.31E-01,2.7832,2.78660628
0.54264,1.75,0.00021484,1.95E-01,2.786,2.789676248
0.55844,1.5,0.00021484,1.98E-01,2.8262,2.830052456
0.57525,1.99,0.00021484,2.01E-01,2.869,2.871795816
0.58982,1.75,0.00021484,2.03E-01,2.9043,2.908717606
0.60687,1.5,0.00021484,2.06E-01,2.9459,2.950551413
0.62305,1.99,0.00021484,2.09E-01,2.9855,2.989047885
0.63869,1.75,0.00021484,2.11E-01,3.0218,3.027200158
0.65704,1.5,0.00021484,2.14E-01,3.0648,3.070487787
0.67253,1.99,0.00021484,2.17E-01,3.1013,3.105904014
0.57278,1.99,0.00025411,1.84E-01,3.1126,3.117456311
0.68929,1.75,0.00021484,2.20E-01,3.1388,3.145271066
0.58746,1.75,0.00025411,1.86E-01,3.1512,3.158192899
0.70896,1.5,0.00021484,2.23E-01,3.1831,3.18999582
0.60464,1.5,0.00025411,1.89E-01,3.1967,3.204209326
0.72368,1.99,0.00021484,2.25E-01,3.2166,3.222334871
0.6251,1.99,0.00025411,1.92E-01,3.251,3.257382347
0.74157,1.75,0.00021484,2.28E-01,3.2552,3.262907231
0.64097,1.75,0.00025411,1.95E-01,3.2908,3.299593332
0.7626,1.5,0.00021484,2.31E-01,3.3008,3.309056452
0.65957,1.5,0.00025411,1.98E-01,3.338,3.347349793
0.67941,1.99,0.00025411,2.01E-01,3.3885,3.396723305
0.69649,1.75,0.00025411,2.03E-01,3.4296,3.440393925
0.71655,1.5,0.00025411,2.06E-01,3.4783,3.489874417
0.73562,1.99,0.00025411,2.09E-01,3.5249,3.53540755
0.75396,1.75,0.00025411,2.11E-01,3.5672,3.58053357
0.77551,1.5,0.00025411,2.14E-01,3.6175,3.631733623
0.79376,1.99,0.00025411,2.17E-01,3.6604,3.673623482
0.67379,1.99,0.00029955,1.84E-01,3.6615,3.67492046
0.81338,1.75,0.00025411,2.20E-01,3.7039,3.720186327
0.69091,1.75,0.00029955,1.86E-01,3.7061,3.722941572
0.83646,1.5,0.00025411,2.23E-01,3.7556,3.773086193
0.711,1.5,0.00029955,1.89E-01,3.7591,3.777186666
0.85377,1.99,0.00025411,2.25E-01,3.7948,3.811336409
0.73497,1.99,0.00029955,1.92E-01,3.8224,3.839868097
0.87468,1.75,0.00025411,2.28E-01,3.8394,3.859324877
0.75344,1.75,0.00029955,1.95E-01,3.8683,3.889627259
0.89932,1.5,0.00025411,2.31E-01,3.8925,3.913909583
0.77515,1.5,0.00029955,1.98E-01,3.923,3.945923539
0.79835,1.99,0.00029955,2.01E-01,3.9817,4.004126031
0.8182,1.75,0.00029955,2.03E-01,4.0289,4.055605841
0.84157,1.5,0.00029955,2.06E-01,4.0852,4.113934444
0.86383,1.99,0.00029955,2.09E-01,4.1392,4.167609821
0.88509,1.75,0.00029955,2.11E-01,4.1876,4.220805284
0.91014,1.5,0.00029955,2.14E-01,4.2455,4.281160941
0.78849,1.99,0.00035215,1.84E-01,4.2848,4.32022447
0.93141,1.99,0.00029955,2.17E-01,4.2951,4.330541553
0.80823,1.75,0.00035215,1.86E-01,4.3354,4.376677932
0.95409,1.75,0.00029955,2.20E-01,4.3447,4.385430775
0.83147,1.5,0.00035215,1.89E-01,4.396,4.440448287
0.98085,1.5,0.00029955,2.23E-01,4.4039,4.447790206
1.001,1.99,0.00029955,2.25E-01,4.4493,4.492880333
0.85921,1.99,0.00035215,1.92E-01,4.4685,4.514136372
1.0251,1.75,0.00029955,2.28E-01,4.4997,4.549450108
0.88046,1.75,0.00035215,1.95E-01,4.5204,4.57263308
1.0536,1.5,0.00029955,2.31E-01,4.5603,4.613795662
0.90549,1.5,0.00035215,1.98E-01,4.5826,4.638814803
0.93224,1.99,0.00035215,2.01E-01,4.6494,4.707237463
0.955,1.75,0.00035215,2.03E-01,4.7025,4.767756958
0.98184,1.5,0.00035215,2.06E-01,4.7661,4.836327873
1.0074,1.99,0.00035215,2.09E-01,4.8272,4.899428471
1.0317,1.75,0.00035215,2.11E-01,4.8813,4.961964884
1.0604,1.5,0.00035215,2.14E-01,4.9464,5.032918796
0.91635,1.99,0.00041302,1.84E-01,4.9796,5.066985973
1.0847,1.99,0.00035215,2.17E-01,5.002,5.090970482
0.93877,1.75,0.00041302,1.86E-01,5.0356,5.133197557
1.1105,1.75,0.00035215,2.20E-01,5.0569,5.155498072
0.96521,1.5,0.00041302,1.89E-01,5.1031,5.207990775
1.141,1.5,0.00035215,2.23E-01,5.1229,5.228807614
1.164,1.99,0.00035215,2.25E-01,5.1738,5.28181542
0.99675,1.99,0.00041302,1.92E-01,5.1838,5.294416028
1.1913,1.75,0.00035215,2.28E-01,5.2293,5.348318663
1.0208,1.75,0.00041302,1.95E-01,5.241,5.363024037
1.2236,1.5,0.00035215,2.31E-01,5.2961,5.423963086
1.0491,1.5,0.00041302,1.98E-01,5.3094,5.440645435
1.0794,1.99,0.00041302,2.01E-01,5.3834,5.520895121
1.1049,1.75,0.00041302,2.03E-01,5.4406,5.591875561
1.1352,1.5,0.00041302,2.06E-01,5.5105,5.672299129
1.164,1.99,0.00041302,2.09E-01,5.5776,5.746306821
1.1911,1.75,0.00041302,2.11E-01,5.6355,5.819652808
1.2232,1.5,0.00041302,2.14E-01,5.7058,5.90287128
1.0548,1.99,0.00048348,1.84E-01,5.7319,5.931398911
1.2505,1.99,0.00041302,2.17E-01,5.7666,5.970957344
1.0797,1.75,0.00048348,1.86E-01,5.7916,6.008905997
1.2792,1.75,0.00041302,2.20E-01,5.8251,6.046638687
1.1092,1.5,0.00048348,1.89E-01,5.8643,6.096458719
1.3132,1.5,0.00041302,2.23E-01,5.8961,6.132619966
1.3387,1.99,0.00041302,2.25E-01,5.9503,6.194790302
1.1442,1.99,0.00048348,1.92E-01,5.9506,6.197627867
1.369,1.75,0.00041302,2.28E-01,6.0093,6.272788795
1.1707,1.75,0.00048348,1.95E-01,6.0106,6.2779402
1.4048,1.5,0.00041302,2.31E-01,6.0804,6.361508544
1.2021,1.5,0.00048348,1.98E-01,6.0837,6.368803581
1.2355,1.99,0.00048348,2.01E-01,6.1619,6.462743628
1.2636,1.75,0.00048348,2.03E-01,6.222,6.545833123
1.2968,1.5,0.00048348,2.06E-01,6.295,6.639976715
1.3284,1.99,0.00048348,2.09E-01,6.3653,6.726609903
1.3581,1.75,0.00048348,2.11E-01,6.4256,6.812468499
1.3932,1.5,0.00048348,2.14E-01,6.4988,6.909883798
1.1992,1.99,0.00056504,1.84E-01,6.5166,6.931988171
1.4229,1.99,0.00048348,2.17E-01,6.5616,6.989585145
1.2263,1.75,0.00056504,1.86E-01,6.5779,7.022570208
1.4541,1.75,0.00048348,2.20E-01,6.6216,7.078177503
1.2583,1.5,0.00056504,1.89E-01,6.6526,7.124892518
1.491,1.5,0.00048348,2.23E-01,6.6944,7.178826936
1.2962,1.99,0.00056504,1.92E-01,6.7411,7.243128257
1.5187,1.99,0.00048348,2.25E-01,6.7503,7.251603349
1.3249,1.75,0.00056504,1.95E-01,6.8023,7.33698877
1.5514,1.75,0.00048348,2.28E-01,6.8099,7.342908156
1.3587,1.5,0.00056504,1.98E-01,6.8763,7.443180225
1.5901,1.5,0.00048348,2.31E-01,6.8825,7.446763234
1.3947,1.99,0.00056504,2.01E-01,6.9559,7.55296736
1.4249,1.75,0.00056504,2.03E-01,7.0163,7.650073525
1.4606,1.5,0.00056504,2.06E-01,7.0901,7.760098542
1.4944,1.99,0.00056504,2.09E-01,7.1607,7.861346197
1.5261,1.75,0.00056504,2.11E-01,7.2205,7.961688593
1.5636,1.5,0.00056504,2.14E-01,7.2936,8.075537233
1.3441,1.99,0.00065943,1.84E-01,7.304,8.089977629
1.5952,1.99,0.00056504,2.17E-01,7.3562,8.16868369
1.3729,1.75,0.00065943,1.86E-01,7.3643,8.195691407
1.6284,1.75,0.00056504,2.20E-01,7.4153,8.272221015
1.4069,1.5,0.00065943,1.89E-01,7.4383,8.31510667
1.6677,1.5,0.00056504,2.23E-01,7.4878,8.389849367
1.4472,1.99,0.00065943,1.92E-01,7.5265,8.453093704
1.6971,1.99,0.00056504,2.25E-01,7.5433,8.474902698
1.4775,1.75,0.00065943,1.95E-01,7.5857,8.562633627
1.7317,1.75,0.00056504,2.28E-01,7.6014,8.581610045
1.5134,1.5,0.00065943,1.98E-01,7.6592,8.686564378
1.7728,1.5,0.00056504,2.31E-01,7.6733,8.702984814
1.5513,1.99,0.00065943,2.01E-01,7.7369,8.814691467
1.5831,1.75,0.00065943,2.03E-01,7.7953,8.928019228
1.6208,1.5,0.00065943,2.06E-01,7.8677,9.056423937
1.6564,1.99,0.00065943,2.09E-01,7.937,9.174585025
1.6897,1.75,0.00065943,2.11E-01,7.9945,9.29168963
1.7291,1.5,0.00065943,2.14E-01,8.0656,9.4245567
1.4848,1.99,0.00076868,1.84E-01,8.0686,9.430271604
1.7622,1.99,0.00065943,2.17E-01,8.1263,9.533263283
1.515,1.75,0.00076868,1.86E-01,8.1265,9.553499341
1.797,1.75,0.00065943,2.20E-01,8.183,9.654096531
1.5508,1.5,0.00076868,1.89E-01,8.1991,9.692698536
1.8382,1.5,0.00065943,2.23E-01,8.2533,9.791374713
1.5928,1.99,0.00076868,1.92E-01,8.2837,9.853546348
1.8688,1.99,0.00065943,2.25E-01,8.3065,9.890636214
1.6244,1.75,0.00076868,1.95E-01,8.3399,9.981234121
1.905,1.75,0.00065943,2.28E-01,8.3621,10.01516904
1.662,1.5,0.00076868,1.98E-01,8.4112,10.1256969
1.9479,1.5,0.00065943,2.31E-01,8.4311,10.15681947
1.7015,1.99,0.00076868,2.01E-01,8.486,10.27505124
1.7346,1.75,0.00076868,2.03E-01,8.5413,10.40715439
1.7739,1.5,0.00076868,2.06E-01,8.6109,10.55683234
1.8108,1.99,0.00076868,2.09E-01,8.6768,10.69456958
1.8454,1.75,0.00076868,2.11E-01,8.7312,10.8310753
1.6189,1.99,0.00089512,1.84E-01,8.7973,10.98145486
1.8865,1.5,0.00076868,2.14E-01,8.7998,10.98595491
1.9208,1.99,0.00076868,2.17E-01,8.8576,11.11267128
1.6502,1.75,0.00089512,1.86E-01,8.8517,11.1249523
1.9568,1.75,0.00076868,2.20E-01,8.9107,11.25352338
1.6874,1.5,0.00089512,1.89E-01,8.9213,11.28704833
1.9997,1.5,0.00076868,2.23E-01,8.9784,11.4135449
1.7308,1.99,0.00089512,1.92E-01,9.0014,11.47435397
2.0313,1.99,0.00076868,2.25E-01,9.0287,11.52925139
1.7637,1.75,0.00089512,1.95E-01,9.0551,11.62304507
2.0688,1.75,0.00076868,2.28E-01,9.0811,11.67441599
1.8027,1.5,0.00089512,1.98E-01,9.1233,11.7912705
2.1134,1.5,0.00076868,2.31E-01,9.1475,11.83953413
1.8434,1.99,0.00089512,2.01E-01,9.1937,11.9651921
1.8777,1.75,0.00089512,2.03E-01,9.2459,12.11902487
1.9185,1.5,0.00089512,2.06E-01,9.3128,12.29332332
1.9564,1.99,0.00089512,2.09E-01,9.3745,12.45371692
1.9922,1.75,0.00089512,2.11E-01,9.4257,12.61267644
1.7453,1.99,0.0010415,1.84E-01,9.4842,12.77726476
2.0348,1.5,0.00089512,2.14E-01,9.4916,12.79303215
2.07,1.99,0.00089512,2.17E-01,9.5457,12.94059207
1.7777,1.75,0.0010415,1.86E-01,9.5357,12.9442285
2.1072,1.75,0.00089512,2.20E-01,9.5956,13.1046129
1.8162,1.5,0.0010415,1.89E-01,9.6023,13.13283229
2.1515,1.5,0.00089512,2.23E-01,9.66,13.29095633
1.8608,1.99,0.0010415,1.92E-01,9.6775,13.35076823
2.184,1.99,0.00089512,2.25E-01,9.7075,13.42569535
1.8947,1.75,0.0010415,1.95E-01,9.7277,13.52377496
2.2227,1.75,0.00089512,2.28E-01,9.7566,13.59473804
1.935,1.5,0.0010415,1.98E-01,9.7929,13.71951049
2.2688,1.5,0.00089512,2.31E-01,9.8201,13.78701644
1.9768,1.99,0.0010415,2.01E-01,9.859,13.92187368
2.0122,1.75,0.0010415,2.03E-01,9.9082,14.10086291
2.0543,1.5,0.0010415,2.06E-01,9.9721,14.30366457
2.0932,1.99,0.0010415,2.09E-01,10.03,14.49028753
2.1301,1.75,0.0010415,2.11E-01,10.0782,14.67524188
1.8643,1.99,0.0012109,1.84E-01,10.1309,14.85548718
2.1741,1.5,0.0010415,2.14E-01,10.1414,14.88509137
1.8976,1.75,0.0012109,1.86E-01,10.1788,15.04960758
2.2101,1.99,0.0010415,2.17E-01,10.1917,15.05678193
2.2485,1.75,0.0010415,2.20E-01,10.239,15.24762528
1.9374,1.5,0.0012109,1.89E-01,10.243,15.26888778
2.2942,1.5,0.0010415,2.23E-01,10.3007,15.46444166
1.9831,1.99,0.0012109,1.92E-01,10.3135,15.522271
2.3274,1.99,0.0010415,2.25E-01,10.3449,15.62121471
2.018,1.75,0.0012109,1.95E-01,10.3608,15.72341728
2.3673,1.75,0.0010415,2.28E-01,10.3914,15.81790114
2.0596,1.5,0.0012109,1.98E-01,10.4235,15.95098919
2.4148,1.5,0.0010415,2.31E-01,10.452,16.04162304
2.1024,1.99,0.0012109,2.01E-01,10.4854,16.18626677
2.1388,1.75,0.0012109,2.03E-01,10.5316,16.3943686
2.1823,1.5,0.0012109,2.06E-01,10.5934,16.63015596
2.222,1.99,0.0012109,2.09E-01,10.6472,16.84713314
2.2599,1.75,0.0012109,2.11E-01,10.6923,17.06217032
1.9764,1.99,0.0014069,1.84E-01,10.74,17.26004205
2.3053,1.5,0.0012109,2.14E-01,10.7534,17.30615184
2.0107,1.75,0.0014069,1.86E-01,10.7855,17.48558337
2.3421,1.99,0.0012109,2.17E-01,10.8004,17.50576787
2.3815,1.75,0.0012109,2.20E-01,10.8447,17.7276519
2.0517,1.5,0.0014069,1.89E-01,10.8473,17.74035694
2.4287,1.5,0.0012109,2.23E-01,10.9045,17.97973347
2.0984,1.99,0.0014069,1.92E-01,10.9131,18.03475355
2.4625,1.99,0.0012109,2.25E-01,10.9453,18.16200566
2.1343,1.75,0.0014069,1.95E-01,10.9579,18.26845799
2.5035,1.75,0.0012109,2.28E-01,10.9892,18.39068314
2.1772,1.5,0.0014069,1.98E-01,11.0186,18.53286539
2.5525,1.5,0.0012109,2.31E-01,11.048,18.65079341
2.2209,1.99,0.0014069,2.01E-01,11.0764,18.80622572
2.2583,1.75,0.0014069,2.03E-01,11.12,19.04801154
2.3032,1.5,0.0014069,2.06E-01,11.1803,19.32196418
2.3437,1.99,0.0014069,2.09E-01,11.2303,19.57406195
2.3827,1.75,0.0014069,2.11E-01,11.2733,19.82390571
2.0825,1.99,0.0016339,1.84E-01,11.3166,20.04490916
2.4294,1.5,0.0014069,2.14E-01,11.3322,20.10737883
2.1178,1.75,0.0016339,1.86E-01,11.36,20.30684104
2.4669,1.99,0.0014069,2.17E-01,11.3759,20.33930533
2.5075,1.75,0.0014069,2.20E-01,11.4184,20.59710418
2.1601,1.5,0.0016339,1.89E-01,11.4205,20.60272173
2.5561,1.5,0.0014069,2.23E-01,11.4766,20.88998845
2.2077,1.99,0.0016339,1.92E-01,11.4816,20.94461854
2.5905,1.99,0.0014069,2.25E-01,11.5143,21.10176378
2.2446,1.75,0.0016339,1.95E-01,11.5242,21.21603064
2.6326,1.75,0.0014069,2.28E-01,11.5559,21.36745571
2.2889,1.5,0.0016339,1.98E-01,11.5839,21.52309955
2.6831,1.5,0.0014069,2.31E-01,11.6133,21.66966823
2.3333,1.99,0.0016339,2.01E-01,11.637,21.84056593
2.3718,1.75,0.0016339,2.03E-01,11.6789,22.12136332
2.418,1.5,0.0016339,2.06E-01,11.7375,22.43951757
2.4593,1.99,0.0016339,2.09E-01,11.7843,22.73229072
2.4993,1.75,0.0016339,2.11E-01,11.825,23.02244618
2.1835,1.99,0.0018965,1.84E-01,11.8654,23.26652196
2.5475,1.5,0.0016339,2.14E-01,11.8831,23.35165702
2.2198,1.75,0.0018965,1.86E-01,11.9071,23.57055147
2.5856,1.99,0.0016339,2.17E-01,11.9233,23.62100432
2.2634,1.5,0.0018965,1.89E-01,11.9666,23.91398602
2.6273,1.75,0.0016339,2.20E-01,11.964,23.92039841
2.6773,1.5,0.0016339,2.23E-01,12.0207,24.26053886
2.3119,1.99,0.0018965,1.92E-01,12.0235,24.3108324
2.7122,1.99,0.0016339,2.25E-01,12.0552,24.50648364
2.3498,1.75,0.0018965,1.95E-01,12.0643,24.62586578
2.7555,1.75,0.0016339,2.28E-01,12.0954,24.81504434
2.3954,1.5,0.0018965,1.98E-01,12.1229,24.98228674
2.8075,1.5,0.0016339,2.31E-01,12.1518,25.16601814
2.4406,1.99,0.0018965,2.01E-01,12.1721,25.35077623
2.4801,1.75,0.0018965,2.03E-01,12.2121,25.67670331
2.5278,1.5,0.0018965,2.06E-01,12.2705,26.04599123
2.5696,1.99,0.0018965,2.09E-01,12.3128,26.38581881
2.6108,1.75,0.0018965,2.11E-01,12.3525,26.72260799
2.2801,1.99,0.0022005,1.84E-01,12.3904,26.99603563
2.6605,1.5,0.0018965,2.14E-01,12.4102,27.10472951
2.3174,1.75,0.0022005,1.86E-01,12.4306,27.34879963
2.699,1.99,0.0018965,2.17E-01,12.4463,27.41736623
2.3625,1.5,0.0022005,1.89E-01,12.4905,27.74728512
2.7419,1.75,0.0018965,2.20E-01,12.4858,27.76487887
2.7935,1.5,0.0018965,2.23E-01,12.5425,28.15968661
2.4116,1.99,0.0022005,1.92E-01,12.542,28.20774411
2.8288,1.99,0.0018965,2.25E-01,12.5735,28.44515958
2.4506,1.75,0.0022005,1.95E-01,12.5818,28.57327585
2.8733,1.75,0.0018965,2.28E-01,12.6125,28.80331207
2.4977,1.5,0.0022005,1.98E-01,12.6407,28.9868294
2.9269,1.5,0.0018965,2.31E-01,12.6686,29.21069429
2.5435,1.99,0.0022005,2.01E-01,12.6853,29.41438602
2.5841,1.75,0.0022005,2.03E-01,12.7242,29.79255768
2.6333,1.5,0.0022005,2.06E-01,12.7827,30.22104071
2.6756,1.99,0.0022005,2.09E-01,12.8207,30.61534105
2.718,1.75,0.0022005,2.11E-01,12.8597,31.00611594
2.3731,1.99,0.0025523,1.84E-01,12.8957,31.31196625
2.7691,1.5,0.0022005,2.14E-01,12.9168,31.44948974
2.4115,1.75,0.0025523,1.86E-01,12.9354,31.72112761
2.8081,1.99,0.0022005,2.17E-01,12.9494,31.81224065
2.4579,1.5,0.0025523,1.89E-01,12.9949,32.18332007
2.8522,1.75,0.0022005,2.20E-01,12.9881,32.21545792
2.9054,1.5,0.0022005,2.23E-01,13.0449,32.67355149
2.5077,1.99,0.0025523,1.92E-01,13.0418,32.7173939
2.941,1.99,0.0022005,2.25E-01,13.0722,33.00478442
2.5478,1.75,0.0025523,1.95E-01,13.0808,33.14136422
2.9867,1.75,0.0022005,2.28E-01,13.1102,33.42034706
2.5964,1.5,0.0025523,1.98E-01,13.1402,33.62103371
3.0419,1.5,0.0022005,2.31E-01,13.1663,33.89303073
2.6427,1.99,0.0025523,2.01E-01,13.1801,34.11694498
2.6845,1.75,0.0025523,2.03E-01,13.2186,34.55557599
2.7352,1.5,0.0025523,2.06E-01,13.2773,35.05256178
2.7779,1.99,0.0025523,2.09E-01,13.3109,35.5099
2.8215,1.75,0.0025523,2.11E-01,13.3494,35.96314915
2.463,1.99,0.0029596,1.84E-01,13.3843,36.30877848
2.8743,1.5,0.0025523,2.14E-01,13.4075,36.47740634
2.5025,1.75,0.0029596,1.86E-01,13.4235,36.78323444
2.9136,1.99,0.0025523,2.17E-01,13.4359,36.89815125
2.5505,1.5,0.0029596,1.89E-01,13.4845,37.3191843
2.9589,1.75,0.0025523,2.20E-01,13.474,37.36583197
3.0137,1.5,0.0025523,2.23E-01,13.5311,37.89716222
2.6007,1.99,0.0029596,1.92E-01,13.5255,37.93848646
3.0495,1.99,0.0025523,2.25E-01,13.5544,38.28135027
2.6421,1.75,0.0029596,1.95E-01,13.565,38.43011462
3.0965,1.75,0.0025523,2.28E-01,13.5922,38.76335006
2.6922,1.5,0.0029596,1.98E-01,13.625,38.98633052
3.1535,1.5,0.0025523,2.31E-01,13.6494,39.31160297
2.7389,1.99,0.0029596,2.01E-01,13.6599,39.56138008
2.782,1.75,0.0029596,2.03E-01,13.6987,40.0700085
2.8343,1.5,0.0029596,2.06E-01,13.7584,40.64630406
2.8772,1.99,0.0029596,2.09E-01,13.7867,41.17662503
2.9221,1.75,0.0029596,2.11E-01,13.8254,41.70220437
2.5503,1.99,0.0034309,1.84E-01,13.8587,42.09075148
2.9766,1.5,0.0029596,2.14E-01,13.8847,42.29852753
2.5911,1.75,0.0034309,1.86E-01,13.8988,42.64076194
3.016,1.99,0.0029596,2.17E-01,13.9081,42.78641556
2.6407,1.5,0.0034309,1.89E-01,13.9614,43.26205886
3.0626,1.75,0.0029596,2.20E-01,13.9462,43.3287295
3.1192,1.5,0.0029596,2.23E-01,14.0048,43.94485025
2.6913,1.99,0.0034309,1.92E-01,13.9966,43.97998148
3.155,1.99,0.0029596,2.25E-01,14.0234,44.39034763
2.7339,1.75,0.0034309,1.95E-01,14.0363,44.54989872
3.2034,1.75,0.0029596,2.28E-01,14.0615,44.9492657
2.7857,1.5,0.0034309,1.98E-01,14.0982,45.19468893
3.2622,1.5,0.0029596,2.31E-01,14.1199,45.58500965
2.8325,1.99,0.0034309,2.01E-01,14.1267,45.86131197
2.877,1.75,0.0034309,2.03E-01,14.1665,46.45093667
2.931,1.5,0.0034309,2.06E-01,14.2278,47.11900412
2.9741,1.99,0.0034309,2.09E-01,14.251,47.73377578
3.0203,1.75,0.0034309,2.11E-01,14.29,48.34305074
2.6357,1.99,0.0039765,1.84E-01,14.3227,48.78424706
3.0766,1.5,0.0034309,2.14E-01,14.3512,49.03433508
2.6778,1.75,0.0039765,1.86E-01,14.3638,49.42172312
3.1159,1.99,0.0034309,2.17E-01,14.3688,49.59991659
2.729,1.5,0.0039765,1.89E-01,14.4282,50.14182199
3.164,1.75,0.0034309,2.20E-01,14.408,50.22859104
3.2225,1.5,0.0034309,2.23E-01,14.4686,50.94282563
2.7798,1.99,0.0039765,1.92E-01,14.4569,50.97391249
3.2581,1.99,0.0034309,2.25E-01,14.4816,51.45926601
2.8238,1.75,0.0039765,1.95E-01,14.4979,51.634461
3.308,1.75,0.0034309,2.28E-01,14.5206,52.1071887
2.8773,1.5,0.0039765,1.98E-01,14.5618,52.38178919
3.3687,1.5,0.0034309,2.31E-01,14.5808,52.84417138
2.9242,1.99,0.0039765,2.01E-01,14.584,53.15442218
2.9701,1.75,0.0039765,2.03E-01,14.6249,53.83781214
3.026,1.5,0.0039765,2.06E-01,14.6889,54.61211923
3.0689,1.99,0.0039765,2.09E-01,14.7053,55.32465516
3.1166,1.75,0.0039765,2.11E-01,14.7456,56.03082028
2.7194,1.99,0.0046079,1.84E-01,14.7776,56.53034881
3.1748,1.5,0.0039765,2.14E-01,14.8092,56.83203633
2.7629,1.75,0.0046079,1.86E-01,14.8203,57.26904514
3.2139,1.99,0.0039765,2.17E-01,14.8207,57.48755963
2.816,1.5,0.0046079,1.89E-01,14.8882,58.10348335
3.2635,1.75,0.0039765,2.20E-01,14.861,58.21620924
3.324,1.5,0.0039765,2.23E-01,14.9243,59.04402521
2.8668,1.99,0.0046079,1.92E-01,14.9094,59.06769555
3.3592,1.99,0.0039765,2.25E-01,14.931,59.6425927
2.9122,1.75,0.0046079,1.95E-01,14.9517,59.83312784
3.4107,1.75,0.0039765,2.28E-01,14.9714,60.39355151
2.9677,1.5,0.0046079,1.98E-01,15.0193,60.69911893
3.4734,1.5,0.0039765,2.31E-01,15.034,61.2477331
3.0144,1.99,0.0046079,2.01E-01,15.0339,61.59443278
3.0618,1.75,0.0046079,2.03E-01,15.0765,62.38633335
3.1196,1.5,0.0046079,2.06E-01,15.1433,63.28358713
3.1622,1.99,0.0046079,2.09E-01,15.1524,64.10926154
3.2116,1.75,0.0046079,2.11E-01,15.1951,64.92755356
2.802,1.99,0.0053387,1.84E-01,15.2264,65.49590338
3.2718,1.5,0.0046079,2.14E-01,15.2617,65.85598898
2.847,1.75,0.0053387,1.86E-01,15.2714,66.35175487
3.3104,1.99,0.0046079,2.17E-01,15.2657,66.61559814
2.9021,1.5,0.0053387,1.89E-01,15.3434,67.31853264
3.3617,1.75,0.0046079,2.20E-01,15.3082,67.45994481
3.4243,1.5,0.0046079,2.23E-01,15.3747,68.41920377
2.9526,1.99,0.0053387,1.92E-01,15.3556,68.43566619
3.4588,1.99,0.0046079,2.25E-01,15.3737,69.1128135
2.9996,1.75,0.0053387,1.95E-01,15.4005,69.32249389
3.512,1.75,0.0046079,2.28E-01,15.4161,69.98301169
3.0571,1.5,0.0053387,1.98E-01,15.4717,70.32582873
3.577,1.5,0.0046079,2.31E-01,15.4824,70.97282267
3.1034,1.99,0.0053387,2.01E-01,15.4778,71.36313685
3.1524,1.75,0.0053387,2.03E-01,15.5226,72.28063062
3.2125,1.5,0.0053387,2.06E-01,15.5942,73.32018633
3.2545,1.99,0.0053387,2.09E-01,15.5946,74.27681039
3.3055,1.75,0.0053387,2.11E-01,15.6394,75.22488123
2.8838,1.99,0.0061846,1.84E-01,15.6709,75.87352053
3.368,1.5,0.0053387,2.14E-01,15.7104,76.3005639
2.9304,1.75,0.0061846,1.86E-01,15.7188,76.86497896
3.4058,1.99,0.0053387,2.17E-01,15.7056,77.18064493
2.9877,1.5,0.0061846,1.89E-01,15.796,77.98493959
3.4589,1.75,0.0053387,2.20E-01,15.7508,78.15890262
3.5238,1.5,0.0053387,2.23E-01,15.8214,79.27029735
3.0376,1.99,0.0061846,1.92E-01,15.7976,79.27907939
3.5574,1.99,0.0053387,2.25E-01,15.812,80.07391164
3.0864,1.75,0.0061846,1.95E-01,15.8461,80.30642211
3.6125,1.75,0.0053387,2.28E-01,15.8572,81.08212082
3.1461,1.5,0.0061846,1.98E-01,15.9222,81.46873216
3.6799,1.5,0.0053387,2.31E-01,15.9278,82.22891304
3.1917,1.99,0.0061846,2.01E-01,15.9181,82.67039845
3.2425,1.75,0.0061846,2.03E-01,15.9662,83.73326618
3.3049,1.5,0.0061846,2.06E-01,16.0428,84.93753618
3.346,1.99,0.0061846,2.09E-01,16.0331,86.04573427
3.3989,1.75,0.0061846,2.11E-01,16.0813,87.14402391
2.9651,1.99,0.0071637,1.84E-01,16.1127,87.88525354
3.4639,1.5,0.0061846,2.14E-01,16.1578,88.39014507
3.0136,1.75,0.0071637,1.86E-01,16.1651,89.03367231
3.5006,1.99,0.0061846,2.17E-01,16.1428,89.40967214
3.0731,1.5,0.0071637,1.89E-01,16.2475,90.3309368
3.5556,1.75,0.0061846,2.20E-01,16.1912,90.54293163
3.1223,1.99,0.0071637,1.92E-01,16.2381,91.82995522
3.6231,1.5,0.0061846,2.23E-01,16.2672,91.83042332
3.6554,1.99,0.0061846,2.25E-01,16.2476,92.76136774
3.1729,1.75,0.0071637,1.95E-01,16.2902,93.01993921
3.7125,1.75,0.0061846,2.28E-01,16.2962,93.92932444
3.2351,1.5,0.0071637,1.98E-01,16.3726,94.36625757
3.7826,1.5,0.0061846,2.31E-01,16.3723,95.25782224
3.2797,1.99,0.0071637,2.01E-01,16.357,95.75816275
3.3325,1.75,0.0071637,2.03E-01,16.4094,96.98929582
3.3974,1.5,0.0071637,2.06E-01,16.4918,98.38421691
3.4373,1.99,0.0071637,2.09E-01,16.4706,99.6678567
3.4922,1.75,0.0071637,2.11E-01,16.5227,100.9400194
3.0464,1.99,0.0082968,1.84E-01,16.5545,101.7862797
3.5598,1.5,0.0071637,2.14E-01,16.6051,102.3834172
3.0968,1.75,0.0082968,1.86E-01,16.6114,103.1163466
3.5951,1.99,0.0071637,2.17E-01,16.5786,103.5643483
3.1589,1.5,0.0082968,1.89E-01,16.7011,104.6188026
3.6523,1.75,0.0071637,2.20E-01,16.6315,104.877017
3.2069,1.99,0.0082968,1.92E-01,16.6781,106.3549245
3.7225,1.5,0.0071637,2.23E-01,16.7135,106.3683348
3.7532,1.99,0.0071637,2.25E-01,16.6823,107.4466595
3.2596,1.75,0.0082968,1.95E-01,16.7353,107.7331312
3.8126,1.75,0.0071637,2.28E-01,16.7356,108.7995184
3.3245,1.5,0.0082968,1.98E-01,16.825,109.2924
3.8855,1.5,0.0071637,2.31E-01,16.8177,110.3383341
3.3677,1.99,0.0082968,2.01E-01,16.7959,110.9044662
3.4227,1.75,0.0082968,2.03E-01,16.8535,112.3303306
3.4903,1.5,0.0082968,2.06E-01,16.9427,113.9458898
3.5286,1.99,0.0082968,2.09E-01,16.908,115.4325661
3.5859,1.75,0.0082968,2.11E-01,16.9661,116.9059499
3.128,1.99,0.0096084,1.84E-01,16.998,117.8771682
3.6564,1.5,0.0082968,2.14E-01,17.0557,118.5776535
3.1806,1.75,0.0096084,1.86E-01,17.0609,119.4174989
3.6898,1.99,0.0082968,2.17E-01,17.0153,119.9453753
3.2453,1.5,0.0096084,1.89E-01,17.1579,121.1574707
3.7494,1.75,0.0082968,2.20E-01,17.0737,121.465672
3.2919,1.99,0.0096084,1.92E-01,17.1202,123.1680475
3.8226,1.5,0.0082968,2.23E-01,17.163,123.1928752
3.8513,1.99,0.0082968,2.25E-01,17.1183,124.4417611
3.3469,1.75,0.0096084,1.95E-01,17.1835,124.764128
3.9131,1.75,0.0082968,2.28E-01,17.1767,126.0086051
3.4146,1.5,0.0096084,1.98E-01,17.281,126.5698939
3.9891,1.5,0.0082968,2.31E-01,17.2661,127.7908191
3.4561,1.99,0.0096084,2.01E-01,17.2368,128.4368037
3.5135,1.75,0.0096084,2.03E-01,17.3006,130.088076
3.5842,1.5,0.0096084,2.06E-01,17.3985,131.9590309
3.6205,1.99,0.0096084,2.09E-01,17.3484,133.6807284
3.6802,1.75,0.0096084,2.11E-01,17.4122,135.3870322
3.2102,1.99,0.011126,1.84E-01,17.4446,136.4952931
3.7539,1.5,0.0096084,2.14E-01,17.5105,137.3230071
3.2652,1.75,0.011126,1.86E-01,17.5147,138.2789115
3.7851,1.99,0.0096084,2.17E-01,17.4547,138.9069453
3.3329,1.5,0.011126,1.89E-01,17.6211,140.2937034
3.8473,1.75,0.0096084,2.20E-01,17.5195,140.6675782
3.3777,1.99,0.011126,1.92E-01,17.5664,142.6218409
3.9238,1.5,0.0096084,2.23E-01,17.6174,142.6678264
3.95,1.99,0.0096084,2.25E-01,17.557,144.1141425
3.4352,1.75,0.011126,1.95E-01,17.6369,144.4700146
4.0145,1.75,0.0096084,2.28E-01,17.6218,145.9286811
3.506,1.5,0.011126,1.98E-01,17.7436,146.5609925
4.094,1.5,0.0096084,2.31E-01,17.7202,147.9926364
3.5454,1.99,0.011126,2.01E-01,17.6822,148.7227716
3.6054,1.75,0.011126,2.03E-01,17.7532,150.6348542
3.6793,1.5,0.011126,2.06E-01,17.8602,152.8013174
3.7133,1.99,0.011126,2.09E-01,17.7931,154.7949487
3.7758,1.75,0.011126,2.11E-01,17.8645,156.7707548
3.2935,1.99,0.012883,1.84E-01,17.8973,158.0504099
3.8528,1.5,0.011126,2.14E-01,17.9719,159.0125075
3.351,1.75,0.012883,1.86E-01,17.9749,160.1156945
3.8815,1.99,0.011126,2.17E-01,17.8993,160.846621
3.4218,1.5,0.012883,1.89E-01,18.0911,162.448659
3.9465,1.75,0.011126,2.20E-01,17.9712,162.8853373
3.4647,1.99,0.012883,1.92E-01,18.0189,165.1444523
4.0266,1.5,0.011126,2.23E-01,18.0789,165.201515
4.0498,1.99,0.011126,2.25E-01,18.0006,166.8762697
3.5248,1.75,0.012883,1.95E-01,18.0969,167.2844866
4.1173,1.75,0.011126,2.28E-01,18.0731,168.9774058
3.5989,1.5,0.012883,1.98E-01,18.2137,169.7056683
4.2005,1.5,0.011126,2.31E-01,18.1811,171.3673528
3.636,1.99,0.012883,2.01E-01,18.134,172.2088321
3.6988,1.75,0.012883,2.03E-01,18.2131,174.4228678
3.7762,1.5,0.012883,2.06E-01,18.3306,176.9314553
3.8076,1.99,0.012883,2.09E-01,18.2449,179.2399176
3.873,1.75,0.012883,2.11E-01,18.3244,181.5277399
3.3783,1.99,0.014917,1.84E-01,18.3581,183.0038007
3.9537,1.5,0.012883,2.14E-01,18.4425,184.1235066
3.4385,1.75,0.014917,1.86E-01,18.4442,185.3951575
3.9793,1.99,0.012883,2.17E-01,18.3503,186.2472603
3.5125,1.5,0.014917,1.89E-01,18.5706,188.0964563
4.0474,1.75,0.012883,2.20E-01,18.4307,188.6079275
3.5532,1.99,0.014917,1.92E-01,18.4791,191.2178681
4.1314,1.5,0.012883,2.23E-01,18.5494,191.2898722
4.1513,1.99,0.012883,2.25E-01,18.4517,193.2291014
3.6162,1.75,0.014917,1.95E-01,18.5662,193.6957764
4.222,1.75,0.012883,2.28E-01,18.5326,195.6620455
3.6937,1.5,0.014917,1.98E-01,18.6935,196.4992203
4.3093,1.5,0.012883,2.31E-01,18.652,198.4294092
3.7284,1.99,0.014917,2.01E-01,18.5949,199.3975898
3.7942,1.75,0.014917,2.03E-01,18.6828,201.9611829
3.8751,1.5,0.014917,2.06E-01,18.8106,204.8658324
3.9037,1.99,0.014917,2.09E-01,18.7054,207.5387605
3.9723,1.75,0.014917,2.11E-01,18.7942,210.1877898
3.4649,1.99,0.017271,1.84E-01,18.8287,211.8829954
4.0567,1.5,0.014917,2.14E-01,18.923,213.1933826
3.5279,1.75,0.017271,1.86E-01,18.9238,214.6517239
4.0792,1.99,0.014917,2.17E-01,18.811,215.6524398
3.6049,1.5,0.017271,1.89E-01,19.0591,217.7793053
4.1506,1.75,0.014917,2.20E-01,18.9006,218.385815
3.6438,1.99,0.017271,1.92E-01,18.9503,221.3932963
4.2385,1.5,0.014917,2.23E-01,19.0303,221.4911918
4.2549,1.99,0.014917,2.25E-01,18.9122,223.7365913
3.7098,1.75,0.017271,1.95E-01,19.0467,224.2622346
4.3292,1.75,0.014917,2.28E-01,19.0032,226.5536547
3.7904,1.5,0.017271,1.98E-01,19.1829,227.5080803
4.4205,1.5,0.014917,2.31E-01,19.1334,229.7579366
3.8228,1.99,0.017271,2.01E-01,19.0657,230.8638314
3.8918,1.75,0.017271,2.03E-01,19.1634,233.8319762
3.9761,1.5,0.017271,2.06E-01,19.3009,237.1949984
4.0021,1.99,0.017271,2.09E-01,19.1769,240.289732
4.074,1.75,0.017271,2.11E-01,19.2754,243.3567954
3.5537,1.99,0.019995,1.84E-01,19.3113,245.3014007
4.1621,1.5,0.017271,2.14E-01,19.4146,246.8366904
3.6194,1.75,0.019995,1.86E-01,19.4146,248.506816
4.1815,1.99,0.017271,2.17E-01,19.2827,249.6838029
3.6988,1.5,0.019995,1.89E-01,19.5556,252.1276828
4.2565,1.75,0.017271,2.20E-01,19.3829,252.8485225
3.7366,1.99,0.019995,1.92E-01,19.4329,256.3116762
4.3482,1.5,0.017271,2.23E-01,19.5229,256.4439481
4.3612,1.99,0.017271,2.25E-01,19.3847,259.0436863
3.8055,1.75,0.019995,1.95E-01,19.5381,259.6331064
4.4391,1.75,0.017271,2.28E-01,19.4856,262.3053007
3.8889,1.5,0.019995,1.98E-01,19.6814,263.3908902
4.5345,1.5,0.017271,2.31E-01,19.6268,266.0152391
3.9198,1.99,0.019995,2.01E-01,19.5494,267.2759139
3.9919,1.75,0.019995,2.03E-01,19.6563,270.7121976
4.0791,1.5,0.019995,2.06E-01,19.8009,274.6056391
4.1032,1.99,0.019995,2.09E-01,19.6614,278.1884773
4.1784,1.75,0.019995,2.11E-01,19.7694,281.7392811
3.6447,1.99,0.023148,1.84E-01,19.8058,283.9828369
4.2696,1.5,0.019995,2.14E-01,19.9161,285.7680288
3.7128,1.75,0.023148,1.86E-01,19.9156,287.6937123
4.2868,1.99,0.019995,2.17E-01,19.7683,289.0641908
3.7935,1.5,0.023148,1.89E-01,20.0562,291.8855515
4.3652,1.75,0.019995,2.20E-01,19.8779,292.7280532
3.8321,1.99,0.023148,1.92E-01,19.9296,296.7293163
4.4602,1.5,0.019995,2.23E-01,20.0257,296.890553
4.4705,1.99,0.019995,2.25E-01,19.8705,299.9003247
3.9034,1.75,0.023148,1.95E-01,20.0407,300.574501
4.5521,1.75,0.019995,2.28E-01,19.9816,303.6763642
4.6511,1.5,0.019995,2.31E-01,20.1315,307.971438
4.0196,1.99,0.023148,2.01E-01,20.0472,309.4224983
4.0943,1.75,0.023148,2.03E-01,20.1605,313.4006476
4.1832,1.5,0.023148,2.06E-01,20.3062,317.9080438
4.2073,1.99,0.023148,2.09E-01,20.1602,322.0558576
4.2854,1.75,0.023148,2.11E-01,20.2756,326.1665856
3.738,1.99,0.026797,1.84E-01,20.3128,328.7492691
4.3783,1.5,0.023148,2.14E-01,20.4231,330.8306241
3.8073,1.75,0.026797,1.86E-01,20.4225,333.0451187
4.3952,1.99,0.023148,2.17E-01,20.2682,334.6465561
3.8868,1.5,0.026797,1.89E-01,20.5495,337.8977502
4.4767,1.75,0.023148,2.20E-01,20.3856,338.8881709
3.9299,1.99,0.026797,1.92E-01,20.4382,343.5050756
4.5737,1.5,0.023148,2.23E-01,20.5353,343.7070528
4.5833,1.99,0.023148,2.25E-01,20.3719,347.1914336
4.6682,1.75,0.023148,2.28E-01,20.4913,351.5629147
4.7692,1.5,0.023148,2.31E-01,20.6426,356.5352762
4.122,1.99,0.026797,2.01E-01,20.5579,358.199183
4.1983,1.75,0.026797,2.03E-01,20.6726,362.804439
4.2859,1.5,0.026797,2.06E-01,20.8048,368.0223712
4.3142,1.99,0.026797,2.09E-01,20.6724,372.8240373
4.3941,1.75,0.026797,2.11E-01,20.7899,377.5827715
3.8326,1.99,0.031021,1.84E-01,20.8269,380.5698801
4.4857,1.5,0.026797,2.14E-01,20.9241,382.9820388
3.9009,1.75,0.031021,1.86E-01,20.9246,385.5428827
4.5067,1.99,0.026797,2.17E-01,20.7823,387.3995059
4.5901,1.75,0.026797,2.20E-01,20.902,392.3097596
4.6859,1.5,0.026797,2.23E-01,21.0391,397.8882795
4.6994,1.99,0.026797,2.25E-01,20.8879,401.9219305
4.7863,1.75,0.026797,2.28E-01,21.0097,406.9825223
4.8862,1.5,0.026797,2.31E-01,21.1491,412.7387159
4.226,1.99,0.031021,2.01E-01,21.0766,414.6619717
4.3015,1.75,0.031021,2.03E-01,21.1808,419.9931524
4.4231,1.99,0.031021,2.09E-01,21.1942,431.5921357
4.5021,1.75,0.031021,2.11E-01,21.3009,437.1009872
3.9262,1.99,0.03591,1.84E-01,21.3355,440.5488022
4.6203,1.99,0.031021,2.17E-01,21.3062,448.4651294
4.7029,1.75,0.031021,2.20E-01,21.4157,454.1493843
4.8178,1.99,0.031021,2.25E-01,21.4142,465.2767177
4.904,1.75,0.031021,2.28E-01,21.5263,471.1350085
4.3293,1.99,0.03591,2.01E-01,21.5918,480.0139068
4.5312,1.99,0.03591,2.09E-01,21.7122,499.6123141
4.7333,1.99,0.03591,2.17E-01,21.8273,519.1445407
4.9356,1.99,0.03591,2.25E-01,21.9378,538.6056843
